{
  "province_list": {
    "500000": "重庆市",
    "510000": "四川省"
  },
  "city_list": {
    "500100": "重庆市",
    "510100": "成都市",
    "510600": "德阳市"
  },
  "county_list": {
    "500103": "渝中区",
    "500104": "大渡口区",
    "500105": "江北区",
    "500106": "沙坪坝区",
    "500107": "九龙坡区",

    "510104": "锦江区",
    "510105": "青羊区",
    "510106": "金牛区",
    "510107": "武侯区",
    "510108": "成华区",
    "510112": "龙泉驿区",
    "510113": "青白江区",
    "510114": "新都区",
    "510115": "温江区",
    "510121": "金堂县",
    "510122": "双流县",
    "510124": "郫县",
    "510132": "新津县",
    "510190": "高新西区",
    "510191": "高新区",

    "510603": "旌阳区",
    "510623": "中江县",
    "510626": "罗江县",
    "510681": "广汉市",
    "510682": "什邡市",
    "510683": "绵竹市"


  }
}