{
  "rsqwx":[
    {"name":"电池盒","price":"80"},
    {"name":"旋钮","price":"80"},
    {"name":"点火针","price":"120"},
    {"name":"清洗","price":"120"},
    {"name":"感应针","price":"120"},
    {"name":"铝箔烟道","price":"120"},
    {"name":"50/60不锈钢烟管（50mm）","price":"120"},
    {"name":"恒温阀","price":"120"},
    {"name":"安全阀","price":"120"},
    {"name":"漏电保护（10A）","price":"120"},
    {"name":"微动开关","price":"120"},
    {"name":"温控","price":"120"},
    {"name":"燃气热水器拆机或安装","price":"120"},
    {"name":"三角阀","price":"120"},
    {"name":"高压管","price":"120"},
    {"name":"风压总成","price":"238"},
    {"name":"两线点火器","price":"238"},
    {"name":"风压总成","price":"238"},
    {"name":"风机（霍尔）测速器","price":"238"},
    {"name":"风机启动器","price":"238"},
    {"name":"电磁阀","price":"238"},
    {"name":"防干烧电磁阀","price":"238"},
    {"name":"温度传感器","price":"238"},
    {"name":"漏电保护（16A）","price":"238"},
    {"name":"低压阀铜开关","price":"238"},
    {"name":"通用水流传感器","price":"238"},
    {"name":"三线点火器","price":"238"},
    {"name":"T型火排","price":"330"},
    {"name":"四线点火器","price":"330"},
    {"name":"燃烧器总成","price":"330"},
    {"name":"110V/220脉冲","price":"330"},
    {"name":"强排点火器","price":"330"},
    {"name":"水气联动总成","price":"330"},
    {"name":"强排电机","price":"330"},
    {"name":"比例阀","price":"150-400"},
    {"name":"原装主板","price":"240-2000"},
    {"name":"更换水箱","price":"130-2000"},
    {"name":"面板显示器","price":"100-1200"},
    {"name":"锅炉总成","price":"300-900"},
    {"name":"原装水流传感器","price":"200-500"},
    {"name":"锅炉安全阀","price":"80-380"},
    {"name":"原装电机","price":"300-1200"},
    {"name":"水箱检漏补漏","price":"180-460"},
    {"name":"维修电脑板","price":"80-280"}
  ],
  "xxjwx":[
    {"name":"排水管","price":"80"},
    {"name":"皮带","price":"80"},
    {"name":"皮碗","price":"80"},
    {"name":"水封","price":"80"},
    {"name":"电源开关","price":"80"},
    {"name":"保险管","price":"80"},
    {"name":"刹车线","price":"80"},
    {"name":"进水管","price":"148"},
    {"name":"安全开关","price":"148"},
    {"name":"电容","price":"148"},
    {"name":"进水阀","price":"148"},
    {"name":"水位开关","price":"148"},
    {"name":"波轮","price":"148"},
    {"name":"过滤网","price":"148"},
    {"name":"导气管","price":"148"},
    {"name":"旋钮定时器","price":"148"},
    {"name":"微延时","price":"148"},
    {"name":"吊簧","price":"148"},
    {"name":"回水软管","price":"148"},
    {"name":"洗衣机专用杀菌剂","price":"148"},
    {"name":"底座","price":"148"},
    {"name":"电源线、漏保线","price":"148"},
    {"name":"堵头","price":"148"},
    {"name":"排水阀","price":"148"},
    {"name":"微动开关","price":"148"},
    {"name":"滚筒恒温器","price":"280"},
    {"name":"通用电脑板","price":"280"},
    {"name":"吊杆","price":"280"},
    {"name":"减震器","price":"280"},
    {"name":"国产品牌门把手","price":"280"},
    {"name":"AB盖","price":"280"},
    {"name":"维修电脑板","price":"280"},
    {"name":"脱水电机","price":"280"},
    {"name":"双进水阀","price":"280"},
    {"name":"按键面板","price":"280"},
    {"name":"发热管","price":"280"},
    {"name":"上盖","price":"280"},
    {"name":"排水阀（牵引）","price":"280"},
    {"name":"电磁铁","price":"280"},
    {"name":"烘干机电机","price":"330"},
    {"name":"进水盒总成","price":"330"},
    {"name":"程控器","price":"330"},
    {"name":"修滚筒电机","price":"330"},
    {"name":"滚筒电子模块","price":"330"},
    {"name":"滚筒延时器","price":"330"},
    {"name":"门拉手总成","price":"330"},
    {"name":"滚筒排水总成","price":"330"},
    {"name":"波轮定频电机","price":"330"},
    {"name":"波轮电脑板","price":"330"},
    {"name":"加热管","price":"330"},
    {"name":"离合器","price":"120-400"},
    {"name":"变频电机","price":"560-1280"},
    {"name":"驱动板","price":"280-560"},
    {"name":"外桶","price":"120-280"},
    {"name":"波轮箱体","price":"180-450"},
    {"name":"滚筒内桶三角架","price":"320-680"},
    {"name":"滚筒电脑板","price":"320-860"},
    {"name":"滚筒箱体","price":"380-680"},
    {"name":"门封圈","price":"120-350"},
    {"name":"观察窗","price":"220-360"},
    {"name":"滚筒内桶","price":"450-580"},
    {"name":"滚筒轴承","price":"120-360"},
    {"name":"滚筒定频电机","price":"320-660"}
  ],
  "bxwx":[
    {"name":"灯泡","price":"80"},
    {"name":"灯开关","price":"80"},
    {"name":"风扇叶","price":"80"},
    {"name":"专业除冰","price":"80"},
    {"name":"保险管","price":"80"},
    {"name":"启动器","price":"156"},
    {"name":"电源漏保线","price":"156"},
    {"name":"温控器","price":"156"},
    {"name":"化霜温控器","price":"156"},
    {"name":"门封条（单开门）","price":"156"},
    {"name":"抽屉","price":"156"},
    {"name":"灯座","price":"156"},
    {"name":"传感器","price":"156"},
    {"name":"热保护器","price":"156"},
    {"name":"加制冷剂（200L以下）","price":"156"},
    {"name":"温度保险、电流保险","price":"156"},
    {"name":"排水导热管","price":"156"},
    {"name":"底座","price":"156"},
    {"name":"发泡剂","price":"266"},
    {"name":"加热管","price":"266"},
    {"name":"外部补漏焊接","price":"266"},
    {"name":"加制冷剂（200L以上）","price":"266"},
    {"name":"散热电机","price":"266"},
    {"name":"智能电子温控器","price":"266"},
    {"name":"搁物板","price":"266"},
    {"name":"门铰链","price":"266"},
    {"name":"过滤器","price":"266"},
    {"name":"风冷电机","price":"266"},
    {"name":"冰箱拆装（不含搬运）","price":"266"},
    {"name":"门把手、门铰链","price":"266"},
    {"name":"门封条（对开门）","price":"266"},
    {"name":"二门冰箱门","price":"360"},
    {"name":"电磁阀","price":"360"},
    {"name":"冷凝器一套","price":"360"},
    {"name":"冷藏蒸发器","price":"360"},
    {"name":"毛细管","price":"360"},
    {"name":"变频风冷电机","price":"360"},
    {"name":"维修电脑板","price":"360"},
    {"name":"加制冷剂（300L以上）","price":"360"},
    {"name":"排除系统堵塞","price":"360"},
    {"name":"冷藏电机","price":"360"},
    {"name":"冷却风机","price":"360"},
    {"name":"压缩机","price":"220-600"},
    {"name":"变频压缩机","price":"500-1500"},
    {"name":"变频板","price":"280-1200"},
    {"name":"三门冰箱门","price":"180-500"},
    {"name":"冷凝器一套（300L以上）","price":"150-380"},
    {"name":"蒸发器一套（300L以下）","price":"180-580"},
    {"name":"蒸发器一套（300L以上）","price":"580-1500"},
    {"name":"显示板","price":"80-200"},
    {"name":"净水系统","price":"150-220"}
  ],
  "dswx":[
    {"name":"开关按键","price":"180"},
    {"name":"万能遥控器","price":"180"},
    {"name":"视频线","price":"180"},
    {"name":"电路板补焊","price":"180"},
    {"name":"保险管","price":"180"},
    {"name":"二极管","price":"180"},
    {"name":"三极管","price":"180"},
    {"name":"电阻","price":"180"},
    {"name":"瓷片电容","price":"180"},
    {"name":"管座","price":"180"},
    {"name":"消磁电阻","price":"180"},
    {"name":"喇叭","price":"180"},
    {"name":"高压电容","price":"180"},
    {"name":"维修电源、场、行、伴音","price":"180"},
    {"name":"机外配件","price":"180"},
    {"name":"拆开外盖维护","price":"180"},
    {"name":"光电耦合器","price":"180"},
    {"name":"电源厚膜IC","price":"268"},
    {"name":"行输出","price":"268"},
    {"name":"29寸以下CRT电视主板","price":"268"},
    {"name":"汇聚IC","price":"268"},
    {"name":"高压分配器","price":"268"},
    {"name":"聚焦分配器","price":"268"},
    {"name":"高频调谐器","price":"268"},
    {"name":"逆变器","price":"268"},
    {"name":"场效应管","price":"268"},
    {"name":"行管","price":"268"},
    {"name":"开关管","price":"268"},
    {"name":"存储器","price":"268"},
    {"name":"恒流板","price":"268"},
    {"name":"维修高压电路、色度电路","price":"268"},
    {"name":"虚焊断裂","price":"268"},
    {"name":"维修数字信号板","price":"398"},
    {"name":"编程、写码","price":"398"},
    {"name":"高压板","price":"398"},
    {"name":"背光板","price":"398"},
    {"name":"维修缓冲板","price":"398"},
    {"name":"维修伴音板","price":"398"},
    {"name":"维修转接板","price":"398"},
    {"name":"维修电源板","price":"398"},
    {"name":"通用功放模块","price":"398"},
    {"name":"维修逻辑板","price":"398"},
    {"name":"WLAN接收板","price":"398"},
    {"name":"驱动板","price":"398"},
    {"name":"倍频板","price":"150-650"},
    {"name":"平板电视主板","price":"200-1200"},
    {"name":"平板电视显示屏","price":"600-3800"},
    {"name":"平板电视逻辑板","price":"50-300"},
    {"name":"平板电视Y板","price":"80-700"},
    {"name":"平板电视高压板","price":"50-600"},
    {"name":"平板电视Z板","price":"100-500"},
    {"name":"平板电视电源板","price":"60-600"},
    {"name":"平板电视地址板","price":"100-300"}
  ],
  "yyjwx":[
    {"name":"按键","price":"80"},
    {"name":"灯泡","price":"80"},
    {"name":"保险管","price":"80"},
    {"name":"电机电容","price":"130"},
    {"name":"变压器","price":"130"},
    {"name":"烟道止回阀","price":"130"},
    {"name":"油杯","price":"130"},
    {"name":"胶条","price":"130"},
    {"name":"烟道","price":"130"},
    {"name":"皮垫","price":"130"},
    {"name":"电源保险","price":"130"},
    {"name":"电源开关","price":"130"},
    {"name":"微动开关","price":"130"},
    {"name":"电源线、漏保线","price":"130"},
    {"name":"清洗","price":"238"},
    {"name":"维修电脑板","price":"238"},
    {"name":"风轮","price":"238"},
    {"name":"电机电容","price":"295"},
    {"name":"触摸板","price":"295"},
    {"name":"通用电脑板","price":"295"},
    {"name":"原装电脑板","price":"120-400"},
    {"name":"原装电机","price":"200-340"},
    {"name":"遥控型控制板","price":"280"}
  ],
  "rqzwx":[
    {"name":"旋钮","price":"80"},
    {"name":"电池盒","price":"80"},
    {"name":"温控器","price":"80"},
    {"name":"感应针","price":"128"},
    {"name":"点火针","price":"128"},
    {"name":"气阀心","price":"128"},
    {"name":"通气总成","price":"128"},
    {"name":"灶心","price":"128"},
    {"name":"微动开关","price":"128"},
    {"name":"清洗","price":"128"},
    {"name":"燃烧器总成","price":"189"},
    {"name":"火盖（单）","price":"189"},
    {"name":"热电偶","price":"189"},
    {"name":"液化气改天然气","price":"189"},
    {"name":"锅架","price":"189"},
    {"name":"电磁阀","price":"189"},
    {"name":"脉冲点火器","price":"268"},
    {"name":"四线点火器","price":"268"},
    {"name":"燃气灶总成","price":"268"},
    {"name":"双热电偶","price":"268"},
    {"name":"玻璃台面","price":"200-500"},
    {"name":"炉头","price":"120-300"},
    {"name":"集成灶主板","price":"300-600"},
    {"name":"铜火盖","price":"20-300"},
    {"name":"不锈钢台面","price":"200-500"}
  ],
  "ktwx":[
    {"name":"遥控器","price":"80"},
    {"name":"洞卡","price":"80"},
    {"name":"通用挂板","price":"80"},
    {"name":"胶泥","price":"80"},
    {"name":"导风板","price":"80"},
    {"name":"传感器","price":"148"},
    {"name":"挂机变压器","price":"148"},
    {"name":"1-1.5P电容","price":"148"},
    {"name":"风机电容","price":"148"},
    {"name":"空调纳子（含做喇叭口）","price":"148"},
    {"name":"压缩机线","price":"148"},
    {"name":"保温棉","price":"148"},
    {"name":"接收头","price":"148"},
    {"name":"排水管","price":"148"},
    {"name":"整流桥堆","price":"148"},
    {"name":"压机热保护器","price":"148"},
    {"name":"同步电机","price":"148"},
    {"name":"波纹管","price":"148"},
    {"name":"清洗","price":"148"},
    {"name":"更换2p-3p压缩机电容","price":"285"},
    {"name":"柜机变压器","price":"285"},
    {"name":"维修挂机主板","price":"285"},
    {"name":"挂机通用电脑板","price":"285"},
    {"name":"空调内机接水槽","price":"285"},
    {"name":"内机贯流风叶、外机扇叶","price":"285"},
    {"name":"1-1.5p外机接水盘","price":"285"},
    {"name":"交流接触器","price":"285"},
    {"name":"挂机空调毛细管","price":"285"},
    {"name":"四通阀线圈","price":"285"},
    {"name":"柜机导风叶片组件","price":"285"},
    {"name":"2P-3P通用电脑板","price":"389"},
    {"name":"更换300UF、330UF电容","price":"389"},
    {"name":"柜机加电热丝","price":"389"},
    {"name":"¢6、¢10、¢12三通阀","price":"389"},
    {"name":"柜机毛细管","price":"389"},
    {"name":"1P、1.5P内、外电机","price":"389"},
    {"name":"5P灌流风叶、外机扇叶","price":"389"},
    {"name":"维修柜机主板","price":"389"},
    {"name":"吸顶机排水泵","price":"389"},
    {"name":"2P以上外机接水盘","price":"389"},
    {"name":"压力开关","price":"389"},
    {"name":"过滤器","price":"389"},
    {"name":"5P交流接触器","price":"389"},
    {"name":"排除堵塞","price":"389"},
    {"name":"1P-5P空调压缩机","price":"600-2800"},
    {"name":"更换5P、天花板通用主板","price":"420-660"},
    {"name":"¢16、¢19、¢22三通阀","price":"150-500"},
    {"name":"变频空调压缩机","price":"400-5000"},
    {"name":"变频空调主板","price":"300-1200"},
    {"name":"变频空调模块","price":"200-1000"},
    {"name":"四通阀","price":"80-350"},
    {"name":"储液罐","price":"80-200"},
    {"name":"蒸发器","price":"200-800"},
    {"name":"电子膨胀阀","price":"100-600"},
    {"name":"原装主板","price":"200-1000"},
    {"name":"柜机主板","price":"100-500"},
    {"name":"冷凝器","price":"200-800"},
    {"name":"3P、5P内、外电机","price":"200-600"},
    {"name":"查漏加氟","price":"150-500"},
    {"name":"加氟1-1.5P","price":"40/压"},
    {"name":"加氟2P","price":"50/压"},
    {"name":"加氟3p","price":"60/压"},
    {"name":"加氟5p","price":"80/压"},
    {"name":"加氟(天井机)","price":"90/压"}
  ]
}